[
    {
        "datasets": [
            "pipelines/pipeline_0/final_datasets/final_dataset_0.csv"
        ],
        "settings": "pipelines/pipeline_0/pipeline.json"
    },
    {
        "datasets": [
            "pipelines/pipeline_1/final_datasets/final_dataset_0.csv"
        ],
        "settings": "pipelines/pipeline_1/pipeline.json"
    },
    {
        "datasets": [
            "pipelines/pipeline_2/final_datasets/final_dataset_0.csv"
        ],
        "settings": "pipelines/pipeline_2/pipeline.json"
    },
    {
        "datasets": [
            "pipelines/pipeline_3/final_datasets/final_dataset_0.csv"
        ],
        "settings": "pipelines/pipeline_3/pipeline.json"
    },
    {
        "datasets": [
            "pipelines/pipeline_4/final_datasets/final_dataset_0.csv"
        ],
        "settings": "pipelines/pipeline_4/pipeline.json"
    },
    {
        "datasets": [
            "pipelines/pipeline_5/final_datasets/final_dataset_0.csv"
        ],
        "settings": "pipelines/pipeline_5/pipeline.json"
    },
    {
        "datasets": [
            "pipelines/pipeline_6/final_datasets/final_dataset_0.csv"
        ],
        "settings": "pipelines/pipeline_6/pipeline.json"
    },
    {
        "datasets": [
            "pipelines/pipeline_7/final_datasets/final_dataset_0.csv"
        ],
        "settings": "pipelines/pipeline_7/pipeline.json"
    },
    {
        "datasets": [
            "pipelines/pipeline_8/final_datasets/final_dataset_0.csv"
        ],
        "settings": "pipelines/pipeline_8/pipeline.json"
    },
    {
        "datasets": [
            "pipelines/pipeline_9/final_datasets/final_dataset_0.csv"
        ],
        "settings": "pipelines/pipeline_9/pipeline.json"
    },
    {
        "datasets": [
            "pipelines/pipeline_10/final_datasets/final_dataset_0.csv"
        ],
        "settings": "pipelines/pipeline_10/pipeline.json"
    },
    {
        "datasets": [
            "pipelines/pipeline_11/final_datasets/final_dataset_0.csv"
        ],
        "settings": "pipelines/pipeline_11/pipeline.json"
    },
    {
        "datasets": [
            "pipelines/pipeline_12/final_datasets/final_dataset_0.csv"
        ],
        "settings": "pipelines/pipeline_12/pipeline.json"
    },
    {
        "datasets": [
            "pipelines/pipeline_13/final_datasets/final_dataset_0.csv"
        ],
        "settings": "pipelines/pipeline_13/pipeline.json"
    },
    {
        "datasets": [
            "pipelines/pipeline_14/final_datasets/final_dataset_0.csv"
        ],
        "settings": "pipelines/pipeline_14/pipeline.json"
    },
    {
        "datasets": [
            "pipelines/pipeline_15/final_datasets/final_dataset_0.csv"
        ],
        "settings": "pipelines/pipeline_15/pipeline.json"
    },
    {
        "datasets": [
            "pipelines/pipeline_16/final_datasets/final_dataset_0.csv"
        ],
        "settings": "pipelines/pipeline_16/pipeline.json"
    }
]