[
    {
        "datasets": [
            "pipelines/pipeline_0/final_datasets/final_dataset_0.csv"
        ],
        "settings": "pipelines/pipeline_0/pipeline.json"
    },
    {
        "datasets": [
            "pipelines/pipeline_1/final_datasets/final_dataset_0.csv"
        ],
        "settings": "pipelines/pipeline_1/pipeline.json"
    },
    {
        "datasets": [
            "pipelines/pipeline_2/final_datasets/final_dataset_0.csv"
        ],
        "settings": "pipelines/pipeline_2/pipeline.json"
    },
    {
        "datasets": [
            "pipelines/pipeline_3/final_datasets/final_dataset_0.csv"
        ],
        "settings": "pipelines/pipeline_3/pipeline.json"
    },
    {
        "datasets": [
            "pipelines/pipeline_4/final_datasets/final_dataset_0.csv"
        ],
        "settings": "pipelines/pipeline_4/pipeline.json"
    },
    {
        "datasets": [
            "pipelines/pipeline_5/final_datasets/final_dataset_0.csv"
        ],
        "settings": "pipelines/pipeline_5/pipeline.json"
    },
    {
        "datasets": [
            "pipelines/pipeline_6/final_datasets/final_dataset_0.csv"
        ],
        "settings": "pipelines/pipeline_6/pipeline.json"
    },
    {
        "datasets": [
            "pipelines/pipeline_7/final_datasets/final_dataset_0.csv"
        ],
        "settings": "pipelines/pipeline_7/pipeline.json"
    },
    {
        "datasets": [
            "pipelines/pipeline_8/final_datasets/final_dataset_0.csv"
        ],
        "settings": "pipelines/pipeline_8/pipeline.json"
    }
]